umur,pendapatan,skor_kredit,jumlah_pinjaman,rasio_pinjaman_pendapatan,disetujui_encoded,pekerjaan_Freelance,pekerjaan_Kontrak,pekerjaan_Tetap,kategori_umur_Dewasa,kategori_umur_Muda,kategori_umur_Senior,kategori_skor_kredit_Excellent,kategori_skor_kredit_Fair,kategori_skor_kredit_Good,kategori_skor_kredit_Poor,kategori_pendapatan_Rendah,kategori_pendapatan_Sedang,kategori_pendapatan_Tinggi
0.020679724837616813,-0.26017562079753237,-0.5491394029504109,-1.4096002075960643,-0.8292863729078017,1,False,True,False,True,False,False,False,True,False,False,False,True,False
0.10613313325752195,-0.49572023051025244,1.0190946875690685,-0.7914193325676095,-0.4344780224179581,1,False,False,True,True,False,False,False,False,True,False,False,True,False
0.27703995009733223,-0.3015218261181205,1.1478303218654438,-0.6791518170932609,-0.47176885918773986,1,False,False,True,True,False,False,False,False,True,False,False,True,False
-1.5174816267206757,-0.8419116537424767,1.7212890564583878,-0.04340057583946659,0.287750374898376,0,False,False,True,False,True,False,True,False,False,False,True,False,False
1.1315740342963836,-1.5171405826997109,0.11794524749444234,-1.1006649129697559,0.48190628142094105,0,True,False,False,False,False,True,False,True,False,False,True,False,False
0.6188535837769528,-1.0245592453120442,-0.8300171505061386,1.4871474020853281,1.7112347383004476,0,True,False,False,True,False,False,False,True,False,False,True,False,False
1.387934259556099,1.4524765712771126,-0.9587527848025137,1.724153345156092,-0.2860429425870119,1,True,False,False,False,False,True,False,False,False,True,False,False,True
1.473387667976004,-0.40145760369891803,-1.052378700654423,-0.23111782603039174,-0.2000773476865337,1,True,False,False,False,False,True,False,False,False,True,False,True,False
0.5334001753570476,0.5791683743755188,-0.6193588398393428,-0.3739460301364196,-0.6416262769501224,0,False,True,False,True,False,False,False,True,False,False,False,True,False
-1.6029350351405807,0.8546854323991889,-0.8300171505061386,-0.5397213435386462,-0.7517517451057766,0,True,False,False,False,True,False,False,True,False,False,False,False,True
0.10613313325752195,-0.6435976052922325,-0.712984755691252,-1.2206337821839903,-0.5989124451673019,0,False,True,False,True,False,False,False,True,False,False,True,False,False
0.27703995009733223,1.6230215188185493,0.09453876853146503,0.11395324295507171,-0.7118626666867629,1,False,True,False,True,False,False,False,True,False,False,False,False,True
0.7043069921968579,-0.9732822126594945,-0.6544685582838087,-1.535392362213876,-0.6363622990277101,0,False,True,False,True,False,False,False,True,False,False,True,False,False
1.0461206258764784,-1.081817165826894,-1.8716054643586286,-0.2529547663963429,0.4637624520672301,0,True,False,False,False,False,True,False,False,False,True,True,False,False
0.27703995009733223,-0.5277380824416652,0.5158553898650565,0.8203087534119995,0.4512577043057533,0,False,False,True,True,False,False,False,False,True,False,False,True,False
0.8752138090366681,1.3650652665011345,0.41052623453165865,-1.3544995176944188,-1.0391597024272958,1,False,True,False,False,False,True,False,False,True,False,False,False,True
1.1315740342963836,-1.2326706260628046,-0.7246879951727406,0.4240310520670849,1.3727102244474871,1,False,True,False,False,False,True,False,True,False,False,True,False,False
1.0461206258764784,-1.1432885232717283,-0.8768301084320931,1.3182390562119155,1.9077033502644154,0,True,False,False,False,False,True,False,True,False,False,True,False,False
-0.7484009509415294,-1.3179502790721327,-0.5608426424318995,-0.706652413566731,0.47764299613671735,1,False,True,False,True,False,False,False,True,False,False,True,False,False
1.1315740342963836,0.6954029639350735,-0.42040376865403567,-0.40738359180680667,-0.6792777138005502,0,False,True,False,False,False,True,False,True,False,False,False,False,True
-1.0047611762012447,-1.3010897401805364,-0.6661717977652973,-1.0046608440851579,0.14512366850863975,0,True,False,False,False,True,False,False,True,False,False,True,False,False
-0.4065873172619089,1.0046698166963752,0.9488752506801367,1.4927083773355911,-0.206641633765195,1,False,False,True,True,False,False,False,False,True,False,False,False,True
-1.5174816267206757,-0.45066837386620834,-0.09271306317235341,0.4549865446150352,0.18497343324018237,1,False,True,False,False,True,False,False,True,False,False,False,True,False
0.44794676693714247,0.5030764004853114,0.22327440282784022,1.3762158231766315,-0.038861637295748826,1,True,False,False,True,False,False,False,True,False,False,False,True,False
1.1315740342963836,0.32333659458614455,-1.4268823640620598,0.654006287053388,-0.20559954681062562,0,True,False,False,False,False,True,False,False,False,True,False,True,False
-0.492040725681814,-0.15488471331433343,0.3286035581612381,-1.3805751006922424,-0.8417670526342633,1,False,True,False,True,False,False,False,False,True,False,False,True,False
1.473387667976004,0.719102794786518,-2.03545081709947,-0.8605137083475551,-0.8244136533730819,1,True,False,False,False,False,True,False,False,False,True,False,False,True
1.2170274427162886,0.981031688490279,1.7446955354213651,-0.18907453757291262,-0.6749615798680768,1,False,False,True,False,False,True,True,False,False,False,False,False,True
0.7043069921968579,-1.6052094669256416,1.779805253865831,-0.9151253074005796,1.0297759604691512,0,False,False,True,True,False,False,True,False,False,False,True,False,False
1.473387667976004,0.11360542237825702,0.024319331642533124,1.5532055649761938,0.24578645255138296,0,False,True,False,False,False,True,False,True,False,False,False,True,False
0.020679724837616813,-1.0535656976969057,-0.19804221850575127,1.1641888257592836,1.5340031510184977,0,True,False,False,True,False,False,False,True,False,False,True,False,False
0.36249335851723735,0.06609244512542059,-0.7949074320616726,0.3152283461819762,-0.21384139929772103,0,False,True,False,True,False,False,False,True,False,False,False,True,False
0.5334001753570476,0.7827989400664527,-0.7949074320616726,-0.5362317863432178,-0.7369971439826077,0,False,True,False,True,False,False,False,True,False,False,False,False,True
-0.15022709200219345,1.5987793644018593,-1.7311665905807647,-0.7005510432199299,-0.9012667261740908,1,True,False,False,True,False,False,False,False,False,True,False,False,True
-1.4320282183007704,1.3064203947002828,-1.9184184222845833,1.6132695247856539,-0.27147397385508787,1,True,False,False,False,True,False,False,False,False,True,False,False,True
1.0461206258764784,1.4492381525637144,-0.45551348709850165,1.4529834764648806,-0.35211213731085467,0,True,False,False,False,False,True,False,True,False,False,False,False,True
-0.2356805004220986,-0.7835392049418414,1.241456237717353,-1.453506440852737,-0.675849746686374,0,False,False,True,True,False,False,False,False,True,False,True,False,False
-0.8338543593614345,-1.4679742461984102,0.48074567142059055,-1.64747694801441,-0.3123316354911333,1,False,True,False,True,False,False,False,False,True,False,True,False,False
-1.688388443560486,-1.0311336815772374,-1.3566629271731279,-0.2331308484179918,0.40170633978075054,1,True,False,False,False,True,False,False,False,False,True,True,False,False
1.2170274427162886,-1.4509064795545126,1.7681020143843424,0.7303161819885706,2.5255475292959066,0,False,False,True,False,False,True,True,False,False,False,True,False,False
-0.492040725681814,-0.2320349457823044,-0.13952602109830803,1.7203047305866646,0.5973449685486705,0,False,True,False,True,False,False,False,True,False,False,False,True,False
-0.15022709200219345,-0.4024376667858788,-0.3501843317651038,0.9746988654619051,0.4052092478721375,0,False,True,False,True,False,False,False,True,False,False,False,True,False
1.0461206258764784,-1.5663478602644343,0.6562942636429203,0.2872755631849031,2.5958372306048694,0,False,False,True,False,False,True,False,False,True,False,True,False,False
-0.15022709200219345,-0.08197954523292492,0.3637132766057041,0.25160311900827825,-0.16357848028792013,1,False,True,False,True,False,False,False,False,True,False,False,True,False
-1.688388443560486,-0.2746980563040809,0.08283552904997639,0.8510646007977445,0.23285591973459163,1,False,True,False,False,True,False,False,True,False,False,False,True,False
-0.492040725681814,-0.5259770346140556,-0.6895782767282747,-0.42190189799173516,-0.2194968689842201,0,False,True,False,True,False,False,False,True,False,False,False,True,False
-1.1756679930410552,-0.8864417543697246,-0.045900105246398794,-0.5771471773221563,-0.02400920339893946,0,True,False,False,False,True,False,False,True,False,False,True,False,False
-1.5174816267206757,0.9905822102094028,0.38711975556868133,0.13722836657540122,-0.5846999584727478,1,False,True,False,False,True,False,False,False,True,False,False,False,True
-0.6629475425216242,-0.19625517281941374,1.8266182117917855,1.1931679107989654,0.32596349736652963,1,False,False,True,True,False,False,True,False,False,False,False,True,False
1.6442944848158143,-0.9645902890713944,0.5509651083095225,0.7551752247663889,1.0300508358554539,0,False,False,True,False,False,True,False,False,True,False,True,False,False
-0.5774941341017191,-1.3007303901830998,-1.4268823640620598,-0.4681233349326259,0.6822944708045993,0,True,False,False,True,False,False,False,False,False,True,True,False,False
0.8752138090366681,-0.4173673785584203,0.22327440282784022,0.311303173228492,0.08420229917362762,1,False,True,False,False,False,True,False,True,False,False,False,True,False
-0.06477368358228833,-1.3759521239337271,0.17646144490188562,-1.208484588942375,0.05528494208280371,0,False,True,False,True,False,False,False,True,False,False,True,False,False
0.789760400616763,0.7728419182152396,-0.712984755691252,-1.6273177072083462,-1.065894669170063,0,False,True,False,False,False,True,False,True,False,False,False,False,True
-1.4320282183007704,0.8277908403664321,-0.8183139110246499,1.713912250240751,-0.07573230582058937,0,False,True,False,False,True,False,False,True,False,False,False,False,True
-0.8338543593614345,1.3716362101637607,-0.0693065842093761,0.7113807899060943,-0.5182562049609,0,False,True,False,True,False,False,False,True,False,False,False,False,True
-0.15022709200219345,0.1600874997734371,0.2700873607537948,-0.17151835418620745,-0.44381633796666575,1,True,False,False,True,False,False,False,True,False,False,False,True,False
-0.7484009509415294,-0.659320331880931,2.04897976194007,1.4572932503741898,0.9752110903354054,0,False,False,True,True,False,False,True,False,False,False,True,False,False
1.5588410763959093,-1.5510378428790552,0.39882299505017,-0.6568598681082641,1.1923327469234197,0,False,True,False,False,False,True,False,False,True,False,True,False,False
0.36249335851723735,0.08000483938362137,-0.30337137383914914,1.7791098911059025,0.35817816674025904,1,True,False,False,True,False,False,False,True,False,False,False,True,False
0.6188535837769528,0.5887687626979586,-1.4385856035435485,-0.9097146991844097,-0.8171463515645293,0,True,False,False,True,False,False,False,False,False,True,False,True,False
-1.3465748098808654,-0.9756113905046493,0.5509651083095225,-0.0010611120833625364,0.494478757561692,0,False,False,True,False,True,False,False,False,True,False,True,False,False
-1.2611214014609602,-1.2140994880473426,1.5223339852730806,-0.9842785130162892,0.03448880853570553,0,False,False,True,False,True,False,True,False,False,False,True,False,False
-1.688388443560486,-0.546481716217236,-1.590727716802901,-1.3723476070558742,-0.7239792352373537,0,True,False,False,False,True,False,False,False,False,True,False,True,False
0.10613313325752195,-0.27179609163795837,-1.7077601116177874,-1.0482909461569898,-0.6574180635012876,0,True,False,False,True,False,False,False,False,False,True,False,True,False
0.020679724837616813,-0.43952871797915566,-0.13952602109830803,-0.005539126297900878,-0.06035289062408817,1,True,False,False,True,False,False,False,True,False,False,False,True,False
0.6188535837769528,1.5803632591336711,0.3286035581612381,-0.5260851954444914,-0.8576223942790152,1,False,True,False,True,False,False,False,False,True,False,False,False,True
-1.4320282183007704,-1.2787407703885694,0.4573391924576133,1.258404843916048,2.323661333098927,0,False,False,True,False,True,False,False,False,True,False,True,False,False
0.27703995009733223,1.0373508750485427,-0.6310620793208315,1.2552904083302143,-0.28399341891087354,1,False,True,False,True,False,False,False,True,False,False,False,False,True
1.387934259556099,-1.2627143814100286,2.0138700434956043,1.8368094414644536,2.817579357292046,0,False,False,True,False,False,True,True,False,False,False,True,False,False
-1.3465748098808654,-0.4235665540811502,0.2934938397167721,-1.2950839885839516,-0.7260256205090674,1,False,True,False,False,True,False,False,False,True,False,False,True,False
0.7043069921968579,-0.1687639278481489,-1.216224053395264,-0.3237767711170826,-0.36950879186191293,0,True,False,False,True,False,False,False,False,False,True,False,True,False
1.0461206258764784,0.49939985418324606,-0.010790386801932835,1.5957257875634645,0.03618770202448179,1,False,True,False,False,False,True,False,True,False,False,False,True,False
-1.688388443560486,1.6328365081653762,1.7329922959398765,0.7055266785369139,-0.5742842488665267,1,False,False,True,False,True,False,True,False,False,False,False,False,True
0.8752138090366681,0.1649625908563689,-1.6258374352473668,-1.3409246597243625,-0.8913596794696685,0,True,False,False,False,False,True,False,False,False,True,False,True,False
1.6442944848158143,1.5665853300742951,0.14135172645741964,1.3614410681135387,-0.40418170712732504,1,False,True,False,False,False,True,False,True,False,False,False,False,True
-0.7484009509415294,0.10468104668598374,-0.32677785280212646,-0.30098639666007787,-0.4733874507230958,0,True,False,False,True,False,False,False,True,False,False,False,True,False
-1.0047611762012447,-0.24628845089120346,-1.5673212378399237,-1.2219763760004299,-0.7462078952341149,1,True,False,False,False,True,False,False,False,False,True,False,True,False
0.44794676693714247,-0.25977552377014906,0.902062292754182,-0.3438067020627401,-0.3342223929354545,1,False,False,True,True,False,False,False,False,True,False,False,True,False
-0.492040725681814,-0.9942110514410742,0.2466808817908175,-1.482647904922498,-0.5850660301486689,0,True,False,False,True,False,False,False,True,False,False,True,False,False
1.3024808511361938,0.6585833655746333,0.6797007426058976,0.2544865769363521,-0.4623015073609339,1,False,False,True,False,False,True,False,False,True,False,False,False,True
-0.7484009509415294,1.644572428923985,0.7967331374207842,-0.7756969323271915,-0.9238771104533069,1,False,False,True,True,False,False,False,False,True,False,False,False,True
-1.688388443560486,0.48458753266364674,0.7499201794948296,0.43411222824068124,-0.34638383841701414,1,False,False,True,False,True,False,False,False,True,False,False,True,False
0.789760400616763,-0.0804012769396486,-1.824792506432674,-0.3056457485971557,-0.4014288352706981,1,True,False,False,False,False,True,False,False,False,True,False,True,False
-1.4320282183007704,1.1445656244456628,-0.5374361634689222,-1.5692233529335238,-1.0785041135955709,0,False,True,False,False,True,False,False,True,False,False,False,False,True
0.36249335851723735,1.2893508817551016,0.4573391924576133,-1.1408669650545227,-0.9778692947512241,1,False,True,False,True,False,False,False,False,True,False,False,False,True
-0.7484009509415294,-0.736846795258745,-0.7832041925801839,-1.4627371532382223,-0.702097654363784,0,False,True,False,True,False,False,False,True,False,False,True,False,False
0.789760400616763,0.39486237868711277,0.9137655322356707,1.4947281293354002,0.05574281196179531,1,False,False,True,False,False,True,False,False,True,False,False,True,False
-0.06477368358228833,0.12515856360253272,-1.4971018009509918,1.5006247168590623,0.2176208615232188,0,True,False,False,True,False,False,False,False,False,True,False,True,False
0.7043069921968579,-1.5290984777547925,-0.45551348709850165,-0.21590680395644873,1.702538517797819,1,False,True,False,True,False,False,False,True,False,False,True,False,False
0.6188535837769528,-0.791707044111434,-0.8183139110246499,0.004855374831240566,0.26132142456998264,0,False,True,False,True,False,False,False,True,False,False,True,False,False
0.27703995009733223,-1.0535785039063175,1.6393663800879672,-1.0039249284274459,-0.17061261826256136,0,False,False,True,True,False,False,True,False,False,False,True,False,False
-1.0047611762012447,1.0510387725750836,0.5977780662354771,1.1987962545327417,-0.3040210503059794,1,False,False,True,False,True,False,False,False,True,False,False,False,True
0.020679724837616813,0.0388220102497727,1.6393663800879672,0.5006177294399026,-0.12572087485735878,1,False,False,True,True,False,False,True,False,False,False,False,True,False
0.19158654167742709,-1.3011341738465259,-0.6193588398393428,-1.6870344045555288,-0.5390346126197996,0,True,False,False,True,False,False,False,True,False,False,True,False,False
-0.15022709200219345,0.4494071291079273,0.3286035581612381,-0.6769699755090589,-0.7114943566341828,1,False,True,False,True,False,False,False,False,True,False,False,True,False
-0.7484009509415294,0.7913851154101668,-0.32677785280212646,1.5513851686929034,-0.10956511272519909,1,False,True,False,True,False,False,False,True,False,False,False,False,True
-1.4320282183007704,-1.4176029618115373,-1.6726503931733214,0.6661871745976661,2.2880174717741024,0,True,False,False,False,True,False,False,False,False,True,True,False,False
0.9606672174565734,0.27362638225179087,-0.8417203899876272,-1.004832774822889,-0.7877193088560056,0,True,False,False,False,False,True,False,True,False,False,False,True,False
1.3024808511361938,0.39007305040054535,1.580850182680524,1.239914836383544,-0.030398154403435254,1,False,False,True,False,False,True,True,False,False,False,False,True,False
-1.09021458462115,-0.4845960973012748,-0.2682616553946832,-0.17043199216366747,-0.11390470750718809,0,False,True,False,False,True,False,False,True,False,False,False,True,False
-0.492040725681814,-1.1973708919193837,-0.10441630265384205,-0.8339732755773477,0.14701000679521034,0,False,True,False,True,False,False,False,True,False,False,True,False,False
1.2170274427162886,-1.2922111563885843,0.8201396163837615,-0.3977281178765063,0.7333988501431665,0,False,False,True,False,False,True,False,False,True,False,True,False,False
0.6188535837769528,1.3038411077046446,-0.7012815162097633,-0.5852243039244314,-0.8363296020065037,0,False,True,False,True,False,False,False,True,False,False,False,False,True
-0.3211339088420037,1.2613964788767738,-0.17463573954277398,0.09483492119878063,-0.6532853056978106,0,False,True,False,True,False,False,False,True,False,False,False,False,True
1.2170274427162886,0.4278577712702991,-1.68435363265481,0.16249480415684964,-0.41853636581780207,0,True,False,False,False,False,True,False,False,False,True,False,True,False
1.473387667976004,-0.8868802700253435,-1.122598137543355,1.315019190034805,1.2752821294451546,0,True,False,False,False,False,True,False,False,False,True,True,False,False
-0.5774941341017191,0.23056724940562578,-0.8417203899876272,-1.436820982452192,-0.9385008275230377,0,False,True,False,True,False,False,False,True,False,False,False,True,False
0.789760400616763,1.0135256985716425,1.3584886325322396,0.7164017318669271,-0.4274807839695557,1,False,False,True,False,False,True,False,False,True,False,False,False,True
1.6442944848158143,-0.8823457076926822,-1.8716054643586286,-0.9040962689653933,-0.2516967164865396,1,True,False,False,False,False,True,False,False,False,True,True,False,False
-1.6029350351405807,1.0699962312411375,-0.7832041925801839,0.5003612082003166,-0.5024546796510946,1,False,True,False,False,True,False,False,True,False,False,False,False,True
0.020679724837616813,-0.3385030543640167,0.22327440282784022,-1.6093419722991813,-0.9053540428257348,1,False,True,False,True,False,False,False,True,False,False,False,True,False
-1.1756679930410552,1.6436418443733884,-1.4034758850990825,0.06772131360804841,-0.7259693882403495,0,True,False,False,False,True,False,False,False,False,True,False,False,True
-1.09021458462115,1.5905705841688438,0.9488752506801367,-1.3480518979452427,-1.0543476469157889,1,False,False,True,False,True,False,False,False,True,False,False,False,True
0.8752138090366681,-0.015411316442162001,-0.5023264450244562,1.3318587059019447,0.24692885591100336,1,True,False,False,False,False,True,False,True,False,False,False,True,False
-0.492040725681814,-0.9213514812265111,0.2700873607537948,0.820381549002133,0.9965527124922051,1,False,True,False,True,False,False,False,True,False,False,True,False,False
-1.5174816267206757,-1.35239762415576,1.6159599011249899,0.4394875964445301,1.769443195321136,1,False,False,True,False,True,False,True,False,False,False,True,False,False
-0.6629475425216242,-1.0500241986940928,-0.45551348709850165,-0.11122696242864626,0.5255365308944494,0,False,True,False,True,False,False,False,True,False,False,True,False,False
-1.688388443560486,1.532992314385221,0.38711975556868133,1.0192206049707409,-0.47858041956164304,1,False,False,True,False,True,False,False,False,True,False,False,False,True
0.10613313325752195,-0.1958063733895701,0.41052623453165865,0.5759246227102329,0.047977158309986556,1,False,True,False,True,False,False,False,False,True,False,False,True,False
-1.5174816267206757,-0.1003461719647489,1.5925534221620126,-0.3137874939489232,-0.39619715973533787,1,False,False,True,False,True,False,True,False,False,False,False,True,False
-0.3211339088420037,0.8328374570420928,0.46904243193910194,1.2861332341447274,-0.2049529518188705,1,False,True,False,True,False,False,False,False,True,False,False,False,True
0.6188535837769528,0.9204193172434202,-1.1343013770248436,0.12863045482184246,-0.5706460671549813,0,True,False,False,True,False,False,False,False,False,True,False,False,True
0.8752138090366681,1.596492291820983,-0.8768301084320931,-1.3669499515341714,-1.0592496828131417,1,False,True,False,False,False,True,False,True,False,False,False,False,True
-0.9193077677813397,-1.0886195914263137,-0.947049545321025,-1.0190710423062102,-0.14665596365775305,0,True,False,False,True,False,False,False,False,False,True,True,False,False
-1.09021458462115,-0.6323896496216498,-0.7363912346542293,0.7358578367392653,0.5209447432067813,0,True,False,False,False,True,False,False,True,False,False,False,True,False
-1.09021458462115,-0.07807074086016226,0.902062292754182,0.797165544663254,0.06605534037051422,1,False,False,True,False,True,False,False,False,True,False,False,True,False
0.27703995009733223,1.0414795193495425,0.2700873607537948,-0.5797533462826437,-0.7956428733606665,1,False,True,False,True,False,False,False,True,False,False,False,False,True
0.19158654167742709,0.2847206343054742,0.6562942636429203,0.2543743443714444,-0.33326242656681393,1,False,False,True,True,False,False,False,False,True,False,False,True,False
1.1315740342963836,-1.1553211212150458,1.943650606606672,-0.5454602555246333,0.33688948920591616,1,False,False,True,False,False,True,True,False,False,False,True,False,False
-0.06477368358228833,0.10376540271303428,0.5743715872724998,0.57136339286085,-0.13170964444976768,1,False,False,True,True,False,False,False,False,True,False,False,True,False
-0.2356805004220986,1.2534199567144555,0.04772581060551043,-0.7657909431552983,-0.8763990026922178,0,False,True,False,True,False,False,False,True,False,False,False,False,True
-0.8338543593614345,0.07427309050442511,0.3754165160871927,-1.1175321432613698,-0.7857142437598313,1,False,True,False,True,False,False,False,False,True,False,False,True,False
-1.688388443560486,1.217590123114773,-0.9002365873950704,1.4226514499254699,-0.2944955874352948,0,True,False,False,False,True,False,False,False,False,True,False,False,True
1.6442944848158143,-1.3755134142446324,-1.719463351099276,1.0214037490605317,2.4921715854545323,0,True,False,False,False,False,True,False,False,False,True,True,False,False
-0.5774941341017191,0.7411015341544176,-0.045900105246398794,1.296014330987589,-0.16713965859137844,0,True,False,False,True,False,False,False,True,False,False,False,False,True
-1.3465748098808654,0.7084305655429989,-1.0991916585803776,-1.5584485925338538,-1.0389163698627226,1,True,False,False,False,True,False,False,False,False,True,False,False,True
-0.2356805004220986,1.5930062863922883,-1.8833087038401173,-0.46715347479886826,-0.8451582518345164,1,True,False,False,True,False,False,False,False,False,True,False,False,True
-1.688388443560486,1.4715157180365364,1.7915084933473198,-0.06536718787293203,-0.7307876141758965,1,False,False,True,False,True,False,True,False,False,False,False,False,True
-1.5174816267206757,1.3064091407586784,0.6445910241614317,-1.2381045790932028,-1.0045337583968506,1,False,False,True,False,True,False,False,False,True,False,False,False,True
-1.09021458462115,-0.9371048651044077,0.01261609216104447,1.483289597615357,1.4985882910413226,1,True,False,False,False,True,False,False,True,False,False,True,False,False
1.5588410763959093,0.9789815307835225,-0.7949074320616726,-0.9945680177226833,-0.9029586331710117,0,True,False,False,False,False,True,False,True,False,False,False,False,True
1.0461206258764784,-1.1301214115946039,1.2297529982358644,1.6766862063422894,2.1699668941539128,0,False,False,True,False,False,True,False,False,True,False,True,False,False
-1.5174816267206757,1.2721236195939831,-1.649243914210344,0.0640441956078225,-0.663339951374251,0,True,False,False,False,True,False,False,False,False,True,False,False,True
0.6188535837769528,1.1322314984807382,-0.3735908107280811,1.6207808574324079,-0.21462182541221125,1,False,True,False,True,False,False,False,True,False,False,False,False,True
0.44794676693714247,0.6474999793956026,1.779805253865831,0.9347803254269825,-0.2435966267565383,1,False,False,True,True,False,False,True,False,False,False,False,False,True
0.7043069921968579,-0.3813460339179873,1.7915084933473198,1.1696854717057406,0.48184601955051554,0,False,False,True,True,False,False,True,False,False,False,False,True,False
-0.5774941341017191,-0.6058282130670779,-0.13952602109830803,0.49371698246864265,0.3533562703738748,0,False,True,False,True,False,False,False,True,False,False,False,True,False
1.387934259556099,-0.6488419420798736,0.6562942636429203,-0.4238466111973411,-0.13344982322741833,1,False,False,True,False,False,True,False,False,True,False,True,False,False
1.0461206258764784,1.625092826174183,0.3637132766057041,0.5325957612365382,-0.6135293291943181,1,False,True,False,False,False,True,False,False,True,False,False,False,True
0.27703995009733223,-0.9213505110591315,1.206346519272887,1.3503448059176821,1.3701444087549373,1,False,False,True,True,False,False,False,False,True,False,True,False,False
1.6442944848158143,-0.31494467391653075,-0.6193588398393428,0.8661151252385699,0.2732086545075175,1,True,False,False,False,False,True,False,True,False,False,False,True,False
0.6188535837769528,1.4339898378236833,1.1595335613469324,0.5414349259697245,-0.5741741094080318,1,False,False,True,True,False,False,False,False,True,False,False,False,True
-0.492040725681814,-1.3947021608140038,-1.2981467297656846,1.7910090756358763,3.444332027464728,0,True,False,False,True,False,False,False,False,False,True,True,False,False
-0.06477368358228833,0.7233853076339364,-0.5608426424318995,1.3002827865251623,-0.15883589678828977,0,False,True,False,True,False,False,False,True,False,False,False,False,True
0.19158654167742709,-0.19722165356305885,-0.09271306317235341,-0.08887162483832445,-0.2502730003618076,0,False,True,False,True,False,False,False,True,False,False,False,True,False
0.5334001753570476,0.9519357866730103,1.4989275063101033,-0.6323690726049884,-0.7957885164202348,1,False,False,True,True,False,False,True,False,False,False,False,False,True
1.473387667976004,-0.2582459578793331,1.779805253865831,0.06909632534136652,-0.14331632452768928,1,False,False,True,False,False,True,True,False,False,False,False,True,False
1.2170274427162886,-0.015116385558736872,-0.7246879951727406,0.08749399969990393,-0.2666800093487455,1,True,False,False,False,False,True,False,True,False,False,False,True,False
1.6442944848158143,0.22912946134892828,0.11794524749444234,-1.0184540164641933,-0.7830200683445251,1,True,False,False,False,False,True,False,True,False,False,False,True,False
-1.5174816267206757,1.1564858770064124,-0.43210700813552433,0.3878318891026049,-0.5537486310097587,0,False,True,False,False,True,False,False,True,False,False,False,False,True
-0.492040725681814,-1.0216246830219642,-0.8066106715431612,-1.6981348637138383,-0.7327958780913009,1,True,False,False,True,False,False,False,True,False,False,True,False,False
0.6188535837769528,1.4416219505662122,1.8032117328288084,0.4303183189059866,-0.6032441102875222,1,False,False,True,True,False,False,True,False,False,False,False,False,True
0.8752138090366681,-1.0790642188702915,-0.010790386801932835,0.34214158499628716,0.9379035601957947,1,False,True,False,False,False,True,False,True,False,False,True,False,False
-0.492040725681814,-0.9929137436209556,1.346785393050751,-0.7437613766850374,-0.0341086546346222,0,False,False,True,True,False,False,False,False,True,False,True,False,False
0.19158654167742709,-1.2968124662369682,-0.16293250006128532,-0.2947562953442433,0.8466169231106475,0,False,True,False,True,False,False,False,True,False,False,True,False,False
-0.5774941341017191,0.9927256980180853,-0.5140296845059449,1.6155278523924912,-0.16779795172903178,1,True,False,False,True,False,False,False,True,False,False,False,False,True
-1.2611214014609602,-0.013650850714980293,0.2700873607537948,0.7500615154630599,0.005791312685902852,1,True,False,False,False,True,False,False,True,False,False,False,True,False
1.2170274427162886,-1.1396760080167223,-0.6310620793208315,-0.3639057381660294,0.46677622686126247,0,False,True,False,False,False,True,False,True,False,False,True,False,False
-1.0047611762012447,-0.21485890845883346,-0.17463573954277398,-0.7324179278729819,-0.5329934267210702,0,True,False,False,False,True,False,False,True,False,False,False,True,False
-0.5774941341017191,1.4649696106588301,1.7212890564583878,-0.825112619501945,-0.9166087052712493,1,False,False,True,True,False,False,True,False,False,False,False,False,True
-0.6629475425216242,-0.16002252572368475,0.7265137005318523,0.55001735237906,0.01253122024216653,1,False,False,True,True,False,False,False,False,True,False,False,True,False
-1.3465748098808654,1.6737180033110937,0.9137655322356707,-1.3534292922688964,-1.0613061477827277,1,False,False,True,False,True,False,False,False,True,False,False,False,True
-0.3211339088420037,-0.9367228131902866,1.0776108849765118,0.9667110328538892,1.1291473511082575,0,False,False,True,True,False,False,False,False,True,False,True,False,False
-1.4320282183007704,1.433101746604317,-1.3800694061361052,0.8743921140873152,-0.4913762515738316,0,True,False,False,False,True,False,False,False,False,True,False,False,True
-0.2356805004220986,-0.9162769237303154,0.18816468438337425,1.6743723775250816,1.587031115206673,0,True,False,False,True,False,False,False,True,False,False,True,False,False
0.7043069921968579,1.1941202219323146,-0.8768301084320931,0.2081884368885612,-0.6099597290686166,1,False,True,False,True,False,False,False,True,False,False,False,False,True
-1.09021458462115,0.16581012907926426,1.7681020143843424,0.14713059295337105,-0.32452179897650624,1,False,False,True,False,True,False,True,False,False,False,False,True,False
-1.2611214014609602,0.5352230906447467,-1.1460046165063322,0.5071170152441038,-0.3403507246563298,0,True,False,False,False,True,False,False,False,False,True,False,True,False
-0.8338543593614345,0.8157064354850393,-0.8300171505061386,-0.15172019687394733,-0.6284225371789951,0,True,False,False,True,False,False,False,True,False,False,False,False,True
0.020679724837616813,0.43504981608940163,-0.2448551764317059,1.3503244723582115,-0.014641336374614771,0,True,False,False,True,False,False,False,True,False,False,False,True,False
0.789760400616763,1.3499919699563991,-0.8768301084320931,0.6618098874820004,-0.5259545554362279,1,False,True,False,False,False,True,False,True,False,False,False,False,True
-1.2611214014609602,0.637199130225028,-0.9938625032469797,1.2408492394207158,-0.1424416730699623,1,True,False,False,False,True,False,False,False,False,True,False,False,True
-0.6629475425216242,0.24859257125327555,0.4222294740131473,-0.801458466755254,-0.7074035390521232,1,False,False,True,True,False,False,False,False,True,False,False,True,False
0.9606672174565734,1.311281709406423,0.48074567142059055,-1.0572652820257324,-0.9585441686337656,1,False,True,False,False,False,True,False,False,True,False,False,False,True
0.020679724837616813,-1.4990306622565523,-1.3566629271731279,1.8328200839300066,4.2070139712925485,1,True,False,False,True,False,False,False,False,False,True,True,False,False
-1.688388443560486,1.4608407723243542,-0.7246879951727406,1.1281333002166876,-0.4351735693389498,0,False,True,False,False,True,False,False,True,False,False,False,False,True
-1.4320282183007704,0.682151641729392,-0.5374361634689222,-0.4648243053602806,-0.6942967542687777,0,True,False,False,False,True,False,False,True,False,False,False,False,True
-1.0047611762012447,0.7932678222271892,-0.9938625032469797,0.021845981346689334,-0.5709652359279701,1,True,False,False,False,True,False,False,False,False,True,False,False,True
-0.492040725681814,-1.5535928756902013,0.04772581060551043,-0.5736356222545601,1.3182935029194094,0,True,False,False,True,False,False,False,True,False,False,True,False,False
-0.9193077677813397,0.6886723307217506,-0.443810247617013,1.1615418449570114,-0.1881765815862639,0,False,True,False,True,False,False,False,True,False,False,False,False,True
-0.6629475425216242,1.3809694143898346,-0.5257329239874335,0.26005088081200883,-0.6339634716704333,0,False,True,False,True,False,False,False,True,False,False,False,False,True
0.020679724837616813,-0.6094422805898914,-0.17463573954277398,-0.5148229361474754,-0.21440232451429095,0,True,False,False,True,False,False,False,True,False,False,False,True,False
-0.06477368358228833,1.4319550087615258,0.04772581060551043,0.5741878762303168,-0.5656267002587907,0,True,False,False,True,False,False,False,True,False,False,False,False,True
-0.2356805004220986,-0.9167583207841166,-1.649243914210344,0.09387765195238208,0.4779506446054831,0,True,False,False,True,False,False,False,False,False,True,True,False,False
0.020679724837616813,1.317598857282523,-0.19804221850575127,-0.18086904180871202,-0.7345966490662397,0,False,True,False,True,False,False,False,True,False,False,False,False,True
-1.4320282183007704,0.9674002547052358,-0.8183139110246499,0.4949346804713938,-0.477511526385898,0,False,True,False,False,True,False,False,True,False,False,False,False,True
-0.8338543593614345,1.5356614388802186,-1.4385856035435485,-1.6696033340667769,-1.1280345983193938,0,True,False,False,True,False,False,False,False,False,True,False,False,True
-0.15022709200219345,1.3087848866380583,0.4924489109020792,0.09520714835151131,-0.6621968966545793,1,False,True,False,True,False,False,False,False,True,False,False,False,True
-0.06477368358228833,-1.10423734590453,1.9553538460881608,-0.7054286372045652,0.12806304918351524,0,False,False,True,True,False,False,True,False,False,False,True,False,False
0.6188535837769528,0.18741206998887155,-0.03419686576491014,0.7096098888351811,-0.12114900696613401,0,False,True,False,True,False,False,False,True,False,False,False,True,False
-0.3211339088420037,-0.14360166668856286,-0.8534236294691159,0.5597007578180996,0.006134474229523849,1,False,True,False,True,False,False,False,True,False,False,False,True,False
-0.6629475425216242,0.587263062924683,0.12964848697593098,1.7389629060629763,0.03975739468840953,1,False,True,False,True,False,False,False,True,False,False,False,True,False
-0.4065873172619089,0.9430808749651226,0.17646144490188562,-0.7528775409401236,-0.8288738627602281,1,False,True,False,True,False,False,False,True,False,False,False,False,True
-0.492040725681814,-1.5738854787041816,0.4222294740131473,0.8009498299288753,3.3823427075332964,0,False,True,False,True,False,False,False,False,True,False,True,False,False
-0.4065873172619089,-0.6529731088160607,1.5340372247545693,-0.5249169202926958,-0.18917122533034492,1,False,False,True,True,False,False,True,False,False,False,True,False,False
0.789760400616763,0.3357213632882887,0.07113228956848773,-0.4459864564741264,-0.6020895212255785,1,True,False,False,False,False,True,False,True,False,False,False,True,False
-0.7484009509415294,-0.5584819105700718,-0.748094474135718,-1.3407472295185896,-0.7022681071999454,0,False,True,False,True,False,False,False,True,False,False,False,True,False
-1.0047611762012447,-1.579536315623912,-0.12782278161681937,-0.3035867043454155,1.8208259270680411,0,True,False,False,False,True,False,False,True,False,False,True,False,False
0.27703995009733223,0.28713344057875806,0.4456359529761246,0.9642485013152854,-0.07693065451930375,1,False,False,True,True,False,False,False,False,True,False,False,True,False
1.5588410763959093,-1.2001403317214407,0.08283552904997639,-0.9403442758894559,0.05518404663766871,1,True,False,False,False,False,True,False,True,False,False,True,False,False
-1.09021458462115,-0.4105959983151505,0.5977780662354771,-1.5118382853132635,-0.8395227519051712,1,False,False,True,False,True,False,False,False,True,False,False,True,False
-1.1756679930410552,1.244728809260259,1.7095858169768992,-0.22054611177974226,-0.7325917579138919,1,False,False,True,False,True,False,True,False,False,False,False,False,True
1.473387667976004,1.5382193821935037,1.2531594771988417,0.9442953458379496,-0.4978254362415987,1,False,False,True,False,False,True,False,False,True,False,False,False,True
1.387934259556099,-0.15558711449722748,1.1946432797913984,0.1026159448638525,-0.1876295750966907,1,False,False,True,False,False,True,False,False,True,False,False,True,False
1.473387667976004,0.17357922945580517,-0.5023264450244562,-1.2020690253029693,-0.8401817066720403,0,False,True,False,False,False,True,False,True,False,False,False,True,False
-0.8338543593614345,-1.325743051532738,-0.443810247617013,-0.5340058042918373,0.6716531284839071,0,False,True,False,True,False,False,False,True,False,False,True,False,False
1.0461206258764784,-0.7887907209680921,0.08283552904997639,1.2036254387263239,1.023749020863124,0,True,False,False,False,False,True,False,True,False,False,True,False,False
-0.6629475425216242,-1.0345019086860379,0.4924489109020792,-1.095560321205549,-0.260294164298371,0,False,True,False,True,False,False,False,False,True,False,True,False,False
-0.06477368358228833,0.012664939459054676,1.1946432797913984,1.041036560524427,0.10856458043845572,1,False,False,True,True,False,False,False,False,True,False,False,True,False
0.9606672174565734,1.1839600470317948,0.2934938397167721,-0.740557357659258,-0.8605669666880926,1,False,True,False,False,False,True,False,False,True,False,False,False,True
1.387934259556099,-1.5847142929627824,0.17646144490188562,0.6639640870031497,3.2644341055321617,0,True,False,False,False,False,True,False,True,False,False,True,False,False
-0.9193077677813397,-0.04642853773816465,1.2531594771988417,1.0064813766973668,0.13330308714125505,1,False,False,True,True,False,False,False,False,True,False,False,True,False
-0.5774941341017191,-0.5448630889609646,0.1530549659389083,-1.5036519653257878,-0.7960721911865495,1,False,True,False,True,False,False,False,True,False,False,False,True,False
-1.09021458462115,-1.5317586767098967,0.5041521503835679,0.8894351853017155,3.205315320586354,0,False,True,False,False,True,False,False,False,True,False,True,False,False
0.27703995009733223,-0.03052283758165706,-0.3852940502095697,0.8983087217101637,0.07770073230897169,1,False,True,False,True,False,False,False,True,False,False,False,True,False
-0.9193077677813397,0.07094561042557146,0.18816468438337425,1.1809156025315644,0.12742357367320875,1,False,True,False,True,False,False,False,True,False,False,False,True,False
-0.492040725681814,-1.5478188275132505,-1.9184184222845833,0.8565553854690516,3.271287368269985,1,True,False,False,True,False,False,False,False,False,True,True,False,False
0.44794676693714247,0.8103972915164351,-1.3449596876916392,0.6249514396052869,-0.39462958174995894,1,True,False,False,True,False,False,False,False,False,True,False,False,True
-1.0047611762012447,-0.942090167201672,0.48074567142059055,-0.08931671994261028,0.38288657449599295,0,False,False,True,False,True,False,False,False,True,False,True,False,False
-0.3211339088420037,0.766682325521601,1.6627728590509445,0.45926433477599543,-0.43133701912802536,1,False,False,True,True,False,False,True,False,False,False,False,False,True
1.2170274427162886,0.6964749988896286,-1.8833087038401173,1.4023822921199898,-0.1162704053640936,0,True,False,False,False,False,True,False,False,False,True,False,False,True
0.6188535837769528,-0.21426283762075318,1.9904635645326267,-0.9263857576620554,-0.6212814770036408,1,False,False,True,True,False,False,True,False,False,False,False,True,False
0.36249335851723735,1.50050296110728,1.311675674606285,0.6541338602396758,-0.5601290496154404,1,False,False,True,True,False,False,False,False,True,False,False,False,True
1.3024808511361938,-1.3900531187305394,0.9137655322356707,-0.09035980983503111,1.3234487818860394,1,False,False,True,False,False,True,False,False,True,False,True,False,False
0.7043069921968579,-1.080418184465384,1.44041130890266,-1.0297986954204161,-0.1638880426748374,0,False,False,True,True,False,False,False,False,True,False,True,False,False
-0.4065873172619089,-1.3007690028448113,0.1998679238648629,0.1230581911898093,1.2749302475466573,0,True,False,False,True,False,False,False,True,False,False,True,False,False
-0.5774941341017191,-1.3827954905965698,1.5925534221620126,-1.5591342170035511,-0.31992909854581975,0,False,False,True,True,False,False,True,False,False,False,True,False,False
1.3024808511361938,1.6578365573390783,-0.36188757124659243,-1.6356593148065839,-1.126189728379794,0,True,False,False,False,False,True,False,True,False,False,False,False,True
1.3024808511361938,0.9106953295968081,-1.485398561469503,0.5032212933892124,-0.4597488925233545,0,True,False,False,False,False,True,False,False,False,True,False,False,True
-0.15022709200219345,0.5005566817667859,0.09453876853146503,1.8556991011284762,0.122386283104755,1,True,False,False,True,False,False,False,True,False,False,False,True,False
-0.7484009509415294,1.616089672890679,0.5743715872724998,0.43983203681136485,-0.6337755728763641,1,False,False,True,True,False,False,False,False,True,False,False,False,True
0.10613313325752195,0.7728977998563097,-0.5842491213948768,-1.0345008853190836,-0.8861424938950349,0,False,True,False,True,False,False,False,True,False,False,False,False,True
0.27703995009733223,-1.4503210805576088,-0.045900105246398794,-1.5770762314902484,-0.2514227243229055,0,True,False,False,True,False,False,False,True,False,False,True,False,False
-0.8338543593614345,1.2157623277714409,1.44041130890266,1.6798724968197756,-0.2260626521231308,1,False,False,True,True,False,False,False,False,True,False,False,False,True
1.6442944848158143,0.5028014550499078,-0.12782278161681937,-1.5212711031492885,-1.0051147344692593,0,True,False,False,False,False,True,False,True,False,False,False,True,False
-0.492040725681814,-0.12150804495092973,-0.25655841591319456,0.6323438824363457,0.023541832196775452,0,False,True,False,True,False,False,False,True,False,False,False,True,False
0.5334001753570476,-1.4363675512025094,1.7681020143843424,-0.20980565069391235,1.3427701722355714,0,False,False,True,True,False,False,True,False,False,False,True,False,False
0.7043069921968579,0.10631500258685414,0.3754165160871927,-0.005272546820711955,-0.358405573741062,1,False,False,True,True,False,False,False,False,True,False,False,True,False
0.5334001753570476,0.38000775786975904,-0.36188757124659243,-0.339939056439431,-0.57736319265561,0,False,True,False,True,False,False,False,True,False,False,False,True,False
-0.2356805004220986,0.5856655853172889,0.22327440282784022,-0.31853751474727077,-0.6252785284405774,1,False,True,False,True,False,False,False,True,False,False,False,True,False
1.6442944848158143,-1.6130193143321294,-0.36188757124659243,1.2148515173125378,4.331222734088578,0,False,True,False,False,False,True,False,True,False,False,True,False,False
1.473387667976004,0.723134616383025,-1.9067151828030946,0.6133294716814778,-0.37058366055280095,0,True,False,False,False,False,True,False,False,False,True,False,False,True
-1.09021458462115,-1.1126516075885633,1.580850182680524,0.5971506879550036,1.2190305031354094,0,False,False,True,False,True,False,True,False,False,False,True,False,False
-0.9193077677813397,0.35494173731423806,1.7212890564583878,-0.046731299714474435,-0.46662450335237315,1,False,False,True,True,False,False,True,False,False,False,False,True,False
0.36249335851723735,1.521533473430251,0.10624200801295369,-1.6673165684212492,-1.1267510209926617,1,True,False,False,True,False,False,False,True,False,False,False,False,True
1.5588410763959093,0.7637780324537672,0.10624200801295369,-1.7001370318881979,-1.0872654447747523,1,False,True,False,False,False,True,False,True,False,False,False,False,True
0.9606672174565734,1.348863665293822,0.8201396163837615,0.8714325319437141,-0.4724545689608716,1,False,False,True,False,False,True,False,False,True,False,False,False,True
1.6442944848158143,-0.5683060194902677,0.12964848697593098,-0.31403815391335926,-0.1313573549177184,1,True,False,False,False,False,True,False,True,False,False,False,True,False
1.6442944848158143,-0.6823645236171824,-0.022493626283421487,-0.11912513923529491,0.07375019583261008,0,True,False,False,False,False,True,False,True,False,False,True,False,False
-1.09021458462115,-0.351226217448196,0.5860748267539885,-1.6487334317391409,-0.9217054473519645,1,False,False,True,False,True,False,False,False,True,False,False,True,False
1.0461206258764784,0.3436253169306063,-0.7363912346542293,1.3747658450105318,0.04094359762363589,0,False,True,False,False,False,True,False,True,False,False,False,True,False
0.8752138090366681,-1.1130579136871768,-1.1460046165063322,-0.8071004144362918,0.05550243351857011,0,True,False,False,False,False,True,False,False,False,True,True,False,False
1.3024808511361938,-0.7493278045649542,-0.09271306317235341,1.432951012869467,1.1024879456158305,1,True,False,False,False,False,True,False,True,False,False,True,False,False
0.44794676693714247,-0.897330330938914,-0.6661717977652973,-1.3634880364017956,-0.5572812739575855,0,False,True,False,True,False,False,False,True,False,False,True,False,False
0.020679724837616813,-1.5546736421511735,0.0009128526795558169,-0.5516156074919509,1.353463053360576,1,True,False,False,True,False,False,False,True,False,False,True,False,False
-0.492040725681814,-0.7327425991757132,0.937172011198648,-0.863264527789829,-0.3355473587122621,1,False,False,True,True,False,False,False,False,True,False,True,False,False
-1.6029350351405807,-0.645302771478772,0.10624200801295369,-0.9775871076377295,-0.45720505511441706,1,True,False,False,False,True,False,False,True,False,False,True,False,False
-1.6029350351405807,1.631415989088037,-0.010790386801932835,1.2970013407782666,-0.43484308748578776,0,False,True,False,False,True,False,False,True,False,False,False,False,True
0.8752138090366681,1.6720483452506507,0.17646144490188562,-0.3403274201891794,-0.8253289257185252,1,True,False,False,False,False,True,False,True,False,False,False,False,True
0.6188535837769528,-0.7426080372262838,0.9137655322356707,1.732661094578332,1.2766883970905356,0,False,False,True,True,False,False,False,False,True,False,True,False,False
-0.2356805004220986,-0.6946181256895927,-0.12782278161681937,0.22099713212667496,0.28875476998303085,0,False,True,False,True,False,False,False,True,False,False,True,False,False
1.5588410763959093,1.1552382417561338,-1.9769346196920266,1.714707864071286,-0.19696686810314448,0,True,False,False,False,False,True,False,False,False,True,False,False,True
-1.2611214014609602,-1.0765159772308033,0.667997503124409,-0.5877031891443176,0.18678265515813092,0,False,False,True,False,True,False,False,False,True,False,True,False,False
-1.1756679930410552,-0.528858043664777,-1.4502888430250371,-0.3562634313461723,-0.1821942701911204,0,True,False,False,False,True,False,False,False,False,True,False,True,False
-1.2611214014609602,-0.494748510862757,0.7850298979392956,1.6772862996116509,0.8699962402211546,0,False,False,True,False,True,False,False,False,True,False,False,True,False
-0.4065873172619089,-0.42616349812309884,0.7265137005318523,-0.7612906416229058,-0.4538967088892843,1,False,False,True,True,False,False,False,False,True,False,False,True,False
0.44794676693714247,1.5622517864227052,-0.2448551764317059,-0.7653120552671233,-0.9127164210172442,1,False,True,False,True,False,False,False,True,False,False,False,False,True
0.19158654167742709,1.1888048688924804,-0.8300171505061386,0.8331306184288452,-0.44260316953491047,1,False,True,False,True,False,False,False,True,False,False,False,False,True
0.020679724837616813,-0.3506617740666936,0.23497764230932888,0.05383385429666308,-0.09194823715389655,1,False,True,False,True,False,False,False,True,False,False,False,True,False
1.473387667976004,0.39787241999933254,-1.7077601116177874,-0.2976906233517047,-0.5678113538794717,0,True,False,False,False,False,True,False,False,False,True,False,True,False
-1.3465748098808654,-1.113181513011349,-0.6310620793208315,0.884160254751053,1.458298480501983,0,False,True,False,False,True,False,False,True,False,False,True,False,False
1.387934259556099,0.26665844609739625,-1.017268982209957,-1.6129822583358109,-1.0084643566877358,0,True,False,False,False,False,True,False,False,False,True,False,True,False
0.27703995009733223,0.9149689169043335,0.43393271349463597,-0.8436175334872995,-0.8506994211525891,1,False,False,True,True,False,False,False,False,True,False,False,False,True
-0.5774941341017191,-1.0932548571329868,-1.6258374352473668,0.7414893643755921,1.292087373722768,1,True,False,False,True,False,False,False,False,False,True,True,False,False
0.27703995009733223,-1.1446580115448959,-0.49062320554296757,-1.0144881040303462,-0.08043659005282404,1,False,True,False,True,False,False,False,True,False,False,True,False,False
-0.15022709200219345,-1.5306767460480688,1.5925534221620126,-1.604174281375336,-0.15963204273518544,0,False,False,True,True,False,False,True,False,False,False,True,False,False
1.1315740342963836,0.7970528332423037,-1.8833087038401173,0.5418387027022745,-0.41550729590840535,1,True,False,False,False,False,True,False,False,False,True,False,False,True
-1.3465748098808654,0.3088388013310401,0.667997503124409,1.8097521310597293,0.21610976804210627,1,False,False,True,False,True,False,False,False,True,False,False,True,False
-1.688388443560486,-0.6484965624927047,0.7733266584578069,1.5030034538714487,0.9857563270277145,0,False,False,True,False,True,False,False,False,True,False,True,False,False
-1.4320282183007704,-0.9020816286641977,-0.17463573954277398,-0.3463068615405779,0.1519215165906934,0,True,False,False,False,True,False,False,True,False,False,True,False,False
1.5588410763959093,0.758621204763774,-0.6661717977652973,-0.5995305911440604,-0.7515175793963612,1,False,True,False,False,False,True,False,True,False,False,False,False,True
0.19158654167742709,-0.41630620947851765,1.9670570855696494,-1.1532093632918206,-0.6567456718521725,1,False,False,True,True,False,False,True,False,False,False,False,True,False
0.5334001753570476,0.6103809873817906,-0.19804221850575127,-0.12172190121097397,-0.5682595726702936,0,True,False,False,True,False,False,False,True,False,False,False,False,True
-0.3211339088420037,0.29024437929846536,0.902062292754182,1.5695273348717573,0.1406215240842322,1,False,False,True,True,False,False,False,False,True,False,False,True,False
0.789760400616763,1.208449982197257,0.5158553898650565,0.29058211834509523,-0.5911542849821766,1,False,False,True,False,False,True,False,False,True,False,False,False,True
1.0461206258764784,-0.9943994579462097,0.46904243193910194,0.41485338060363536,0.8337122969167821,0,False,True,False,False,False,True,False,False,True,False,True,False,False
-0.8338543593614345,-1.2762629629008464,1.978760325051138,0.5184556882023335,1.5918987491326932,0,False,False,True,True,False,False,True,False,False,False,True,False,False
-0.15022709200219345,-0.898154391111221,-1.0757851796174003,1.2694524068751651,1.2662064152525339,0,True,False,False,True,False,False,False,False,False,True,True,False,False
-0.2356805004220986,-0.48457164908330663,-1.4034758850990825,1.6045856476632296,0.8188018587113316,1,True,False,False,True,False,False,False,False,False,True,False,True,False
1.3024808511361938,-1.5040157703203407,0.8903590532726934,0.31900836212372297,2.2863104488535635,1,False,False,True,False,False,True,False,False,True,False,True,False,False
-0.2356805004220986,0.49738442846868236,-0.5140296845059449,-0.4986471916007087,-0.662726688842555,0,True,False,False,True,False,False,False,True,False,False,False,True,False
1.473387667976004,-0.37398129930530033,0.3051970791982608,-1.3974303189878703,-0.7926832610269519,1,False,True,False,False,False,True,False,False,True,False,False,True,False
0.36249335851723735,-0.23301074013279452,-0.8768301084320931,-0.49546365085724325,-0.4171386314411877,1,True,False,False,True,False,False,False,True,False,False,False,True,False
0.44794676693714247,-1.3798857645914098,-1.7779795485067194,-0.694445041742146,0.6268020483747365,0,True,False,False,True,False,False,False,False,False,True,True,False,False
1.6442944848158143,1.5982801162682718,0.07113228956848773,0.19984212579791932,-0.6875153821213323,1,True,False,False,False,False,True,False,True,False,False,False,False,True
1.1315740342963836,0.753622320323194,1.4287080694211713,-0.512685379753295,-0.7240496022123445,1,False,False,True,False,False,True,False,False,True,False,False,False,True
1.2170274427162886,-1.0333811713290224,-0.7012815162097633,-0.5459771331591502,0.1633099515615303,0,False,True,False,False,False,True,False,True,False,False,True,False,False
0.789760400616763,1.579424719210561,0.2700873607537948,1.6397093751798317,-0.34092084738197675,1,False,True,False,False,False,True,False,True,False,False,False,False,True
0.8752138090366681,0.2977020559461264,0.8786558137912047,-1.5550395012392488,-0.9914270326882689,1,False,False,True,False,False,True,False,False,True,False,False,True,False
-0.5774941341017191,-0.7214343281980707,-0.443810247617013,0.02236741775076734,0.1968398103622238,1,False,True,False,True,False,False,False,True,False,False,True,False,False
0.36249335851723735,0.9983220115310771,1.346785393050751,-1.3787816228577887,-1.0137742138162913,1,False,False,True,True,False,False,False,False,True,False,False,False,True
-1.688388443560486,0.37336463375408396,-2.000341098655004,0.4594754854042357,-0.2954113304266301,1,True,False,False,False,True,False,False,False,False,True,False,True,False
-0.06477368358228833,-1.0627927656116416,-0.49062320554296757,1.2633974925610336,1.6357909875541308,0,False,True,False,True,False,False,False,True,False,False,True,False,False
0.44794676693714247,0.4002691214941136,1.9904635645326267,0.40670685939804196,-0.3243078314732737,1,False,False,True,True,False,False,True,False,False,False,False,True,False
-1.3465748098808654,0.53189289409723,-0.7363912346542293,0.13591247412353355,-0.4616439084366495,0,False,True,False,False,True,False,False,True,False,False,False,True,False
0.10613313325752195,-1.2730115439445602,0.34030679764272675,-0.904720603310992,0.19792067480271336,1,False,True,False,True,False,False,False,False,True,False,True,False,False
1.473387667976004,-0.4145053847883409,0.01261609216104447,0.4072349530529075,0.13038296574827665,0,True,False,False,False,False,True,False,True,False,False,False,True,False
0.8752138090366681,1.5029380812302966,-0.20974545798723992,0.31956626868428933,-0.6420784155117081,0,True,False,False,False,False,True,False,True,False,False,False,False,True
1.2170274427162886,-0.1519491808568737,-0.09271306317235341,-0.7596901516998699,-0.5691765577894365,0,False,True,False,False,False,True,False,True,False,False,False,True,False
-1.688388443560486,-1.4845660487258332,1.0190946875690685,1.803937601388166,4.05891209197138,1,False,False,True,False,True,False,False,False,True,False,True,False,False
-1.0047611762012447,-0.5172224382132278,0.8552493348282275,0.09970173333159695,0.05418327854767714,1,False,False,True,False,True,False,False,False,True,False,False,True,False
-0.7484009509415294,-0.11079196414184879,0.01261609216104447,-0.19935875989552967,-0.3422049047072504,1,False,True,False,True,False,False,False,True,False,False,False,True,False
-0.8338543593614345,1.009980124865835,-0.9938625032469797,-0.7448513567786575,-0.8368599251029326,1,True,False,False,True,False,False,False,False,False,True,False,False,True
1.5588410763959093,-0.9373390635098644,-0.10441630265384205,0.5117689863161781,0.8055744371113672,1,True,False,False,False,False,True,False,True,False,False,True,False,False
-1.6029350351405807,1.0942729236165445,-0.6076556003578542,0.18773468509656938,-0.594029799477272,1,True,False,False,False,True,False,False,True,False,False,False,False,True
-0.6629475425216242,1.6373489506817807,0.9605784901616253,-1.3425564097815312,-1.0562978633635485,1,False,False,True,True,False,False,False,False,True,False,False,False,True
-0.06477368358228833,0.25251359973502224,-0.18633897902426264,-1.6937363747016427,-1.036348222271652,0,False,True,False,True,False,False,False,True,False,False,False,True,False
-1.6029350351405807,1.6739692766624328,-0.36188757124659243,-1.055852859437445,-0.9920769605377965,0,False,True,False,False,True,False,False,True,False,False,False,False,True
-0.5774941341017191,0.7532715077986989,-0.18633897902426264,1.2442144796938286,-0.1877024949959755,0,False,True,False,True,False,False,False,True,False,False,False,False,True
1.1315740342963836,-1.0622793530343106,1.0307979270505572,-0.9061986577086741,-0.08439890587904914,0,False,False,True,False,False,True,False,False,True,False,True,False,False
1.3024808511361938,0.7399264674241396,0.08283552904997639,1.547541185254459,-0.08955423932163377,1,False,True,False,False,False,True,False,True,False,False,False,False,True
1.5588410763959093,0.4826130480125059,1.0542044060135345,-0.829199520232714,-0.7701834184829645,1,False,False,True,False,False,True,False,False,True,False,False,True,False
-1.1756679930410552,-0.11747486512009109,0.7733266584578069,-0.04519846772063813,-0.27233766315647523,1,False,False,True,False,True,False,False,False,True,False,False,True,False
1.3024808511361938,-0.9661299447029592,-1.0289722216914456,0.9315844832418444,1.1618538699330596,1,True,False,False,False,False,True,False,False,False,True,True,False,False
1.0461206258764784,-1.3928285735703505,-1.9886378591735152,1.818555983419173,3.4640343492184784,0,True,False,False,False,False,True,False,False,False,True,True,False,False
0.5334001753570476,1.3389116883129832,0.17646144490188562,-0.7331674474779555,-0.8788105159542398,1,True,False,False,True,False,False,False,True,False,False,False,False,True
-0.4065873172619089,0.33591927743374506,0.0009128526795558169,-0.7872819959259826,-0.723466327096766,1,False,True,False,True,False,False,False,True,False,False,False,True,False
-1.3465748098808654,1.6575325068822842,0.667997503124409,-0.7993140360260212,-0.9307278281089809,1,False,False,True,False,True,False,False,False,True,False,False,False,True
0.789760400616763,-1.146855634693365,-0.09271306317235341,0.7815877225432005,1.459336957497679,0,True,False,False,False,False,True,False,True,False,False,True,False,False
0.36249335851723735,0.8489546536873723,0.09453876853146503,-1.637136066698677,-1.0751466983829774,1,True,False,False,True,False,False,False,True,False,False,False,False,True
1.1315740342963836,0.770257198282275,1.6276631406064785,0.7862477257330728,-0.33316907901542725,1,False,False,True,False,False,True,True,False,False,False,False,False,True
-0.06477368358228833,1.0278234433130553,0.3754165160871927,0.2043960471437202,-0.5744273411781698,1,False,False,True,True,False,False,False,False,True,False,False,False,True
-1.6029350351405807,-0.8948383590074477,0.18816468438337425,1.754237172019401,1.594440396981823,0,True,False,False,False,True,False,False,True,False,False,True,False,False
0.44794676693714247,1.5303831462342885,-1.3800694061361052,1.6933398980787502,-0.315086675602922,0,True,False,False,True,False,False,False,False,False,True,False,False,True
-0.7484009509415294,-0.9952695040523138,1.7446955354213651,1.0622484429305632,1.3196408630569796,1,False,False,True,True,False,False,True,False,False,False,True,False,False
-1.3465748098808654,-1.3053130728177937,0.07113228956848773,-1.3110969922935312,-0.1566657165168345,0,False,True,False,False,True,False,False,True,False,False,True,False,False
-0.2356805004220986,-0.8701947493290427,1.6861793380139218,-0.5448493804034528,-0.017951270752105675,1,False,False,True,True,False,False,True,False,False,False,True,False,False
-0.2356805004220986,-1.1121657477648157,-1.1577078559878209,-0.8480029250821848,0.020483705499473946,0,True,False,False,True,False,False,False,False,False,True,True,False,False
-0.3211339088420037,1.2536054527174518,0.04772581060551043,1.8261923566024585,-0.19985887612601058,1,True,False,False,True,False,False,False,True,False,False,False,False,True
-1.0047611762012447,-0.30312240826112963,0.16475820542039696,-0.9663346894940518,-0.6075261382723176,1,False,True,False,False,True,False,False,True,False,False,False,True,False
-1.2611214014609602,0.6875370408540398,-0.43210700813552433,0.9280135194471115,-0.2606363433692678,0,True,False,False,False,True,False,False,True,False,False,False,False,True
1.2170274427162886,1.530461729792043,0.1998679238648629,-1.7073068909864029,-1.136877802125085,1,False,True,False,False,False,True,False,True,False,False,False,False,True
-1.09021458462115,-0.7283760698332138,0.48074567142059055,-0.200007480040209,0.06778682378169944,0,False,True,False,False,True,False,False,False,True,False,True,False,False
1.2170274427162886,0.4945544502221327,1.7095858169768992,-0.5505971928442971,-0.6794158096193104,1,False,False,True,False,False,True,True,False,False,False,False,True,False
1.5588410763959093,-0.7211832488802075,-0.16293250006128532,-1.173178655366174,-0.5321474820992043,1,False,True,False,False,False,True,False,True,False,False,True,False,False
0.44794676693714247,1.5858082265354319,0.41052623453165865,0.2302075833141111,-0.678200460659663,1,False,True,False,True,False,False,False,False,True,False,False,False,True
1.2170274427162886,0.0755249944911744,-0.8066106715431612,-0.9035733853328832,-0.7012495866322148,1,False,True,False,False,False,True,False,True,False,False,False,True,False
1.473387667976004,-0.8937940708399515,0.16475820542039696,1.3840694977089938,1.3366679224096647,0,False,True,False,False,False,True,False,True,False,False,True,False,False
1.387934259556099,0.26444879287341905,0.3520100371242154,0.6510054588994726,-0.1800650091882297,1,False,False,True,False,False,True,False,False,True,False,False,True,False
1.0461206258764784,-0.6893526392530744,-0.6193588398393428,-0.8668913546020401,-0.3659908894252887,0,True,False,False,False,False,True,False,True,False,False,True,False,False
-0.06477368358228833,-1.5351827854597673,0.5509651083095225,-1.6199137589112524,-0.173104742964445,0,False,False,True,True,False,False,False,False,True,False,True,False,False
1.473387667976004,-0.697296951858387,-1.5439147588769464,-1.1716061693132986,-0.5437297832107265,0,True,False,False,False,False,True,False,False,False,True,True,False,False
-1.3465748098808654,-1.1927777314769892,1.814914972310297,-1.5832399773824721,-0.530177092171375,1,False,False,True,False,True,False,True,False,False,False,True,False,False
-1.09021458462115,-0.14642233132826754,-0.9704560242840023,0.06846569555208816,-0.20767419261205017,0,True,False,False,False,True,False,False,False,False,True,False,True,False
0.020679724837616813,-0.9922080438689707,-0.7246879951727406,-1.680029167691473,-0.7335890906240584,1,False,True,False,True,False,False,False,True,False,False,True,False,False
-1.4320282183007704,-1.3432190646100084,1.2999724351247963,-1.5612509333083096,-0.36835132596516745,0,False,False,True,False,True,False,False,False,True,False,True,False,False
-1.688388443560486,-1.540580602726875,-0.0693065842093761,-0.6406568433055527,1.174645020335829,0,False,True,False,False,True,False,False,True,False,False,True,False,False
-0.06477368358228833,1.2905719344191768,1.0542044060135345,-1.0931334638477959,-0.9656615182160613,1,False,False,True,True,False,False,False,False,True,False,False,False,True
1.2170274427162886,0.6799672128572868,0.34030679764272675,0.17741826194133858,-0.4927943904196755,1,False,True,False,False,False,True,False,False,True,False,False,False,True
0.8752138090366681,1.4983664585037313,0.2934938397167721,0.0345392601173448,-0.7107149452861712,1,False,True,False,False,False,True,False,False,True,False,False,False,True
-0.8338543593614345,-1.4992887267795494,0.28179060023528346,-0.5560340682565093,1.1365098627184922,0,True,False,False,True,False,False,False,True,False,False,True,False,False
-0.2356805004220986,0.6340557879148391,1.3233789140877736,-1.4401241366255688,-0.9938973239507582,1,False,False,True,True,False,False,False,False,True,False,False,False,True
-0.15022709200219345,-1.3028573851463277,-0.2448551764317059,-0.6916765661130009,0.4624489926522081,0,True,False,False,True,False,False,False,True,False,False,True,False,False
-1.5174816267206757,1.2852905372376315,-0.9704560242840023,0.14666046079721023,-0.6444528980528453,1,True,False,False,False,True,False,False,False,False,True,False,False,True
0.44794676693714247,-1.4299960739531468,-0.022493626283421487,-0.4746271795063882,1.0107713012395612,0,True,False,False,True,False,False,False,True,False,False,True,False,False
0.5334001753570476,-0.6457647651849794,-2.03545081709947,0.4472595749319015,0.36941068645482844,0,True,False,False,True,False,False,False,False,False,True,True,False,False
0.19158654167742709,0.32529012362188414,-0.47891996606147896,-0.7385221926766472,-0.7035489740731999,0,False,True,False,True,False,False,False,True,False,False,False,True,False
-1.6029350351405807,-0.15498134198535035,1.6159599011249899,0.5144218283936002,-0.006444122507089476,1,False,False,True,False,True,False,True,False,False,False,False,True,False
-1.4320282183007704,-1.3009929174760433,2.0021668040141156,-0.5759373667143599,0.5747886414612238,0,False,False,True,False,True,False,True,False,False,False,True,False,False
1.2170274427162886,-0.9437836913796553,0.31690031867974944,-1.200545310848255,-0.4121562717061467,0,False,True,False,False,False,True,False,False,True,False,True,False,False
1.387934259556099,0.8623130823717713,1.9670570855696494,0.7796546595264728,-0.3647803463476395,1,False,False,True,False,False,True,True,False,False,False,False,False,True
0.9606672174565734,1.041659000314785,-1.485398561469503,0.8980789741965712,-0.3847062789416248,0,True,False,False,False,False,True,False,False,False,True,False,False,True
-0.7484009509415294,-1.5155557172682528,-0.947049545321025,-1.6211197343637038,-0.2075781214473002,0,True,False,False,True,False,False,False,False,False,True,True,False,False
-1.2611214014609602,-1.1999946125810117,-0.8300171505061386,-1.4131223997926363,-0.37114466556489145,0,False,True,False,False,True,False,False,True,False,False,True,False,False
1.1315740342963836,0.28770952596881677,-0.25655841591319456,-0.48303941185211124,-0.601656993202962,0,True,False,False,False,False,True,False,True,False,False,False,True,False
0.44794676693714247,-0.9494700364254822,0.3520100371242154,-0.7469045397552478,-0.08104757288187704,0,False,False,True,True,False,False,False,False,True,False,True,False,False
-0.2356805004220986,-0.018447940340585205,-1.0289722216914456,-0.21015913623844762,-0.3880638279168912,1,True,False,False,True,False,False,False,False,False,True,False,True,False
-1.5174816267206757,-1.038014108633984,-1.4736953219880145,0.5146914470504964,0.9919908087679883,0,True,False,False,False,True,False,False,False,False,True,True,False,False
-0.5774941341017191,-1.2177521682318675,-1.0406754611729343,-0.8126276692640872,0.1970357684879137,1,True,False,False,True,False,False,False,False,False,True,True,False,False
1.0461206258764784,-0.5290627489818911,0.3051970791982608,-0.9001249294249257,-0.4754478490322873,1,False,False,True,False,False,True,False,False,True,False,False,True,False
-1.5174816267206757,-0.20528393852174145,0.2934938397167721,1.847116095827768,0.6289378993569958,0,True,False,False,False,True,False,False,False,True,False,False,True,False
0.6188535837769528,-1.4963017754509662,-1.0640819401359116,1.5126352656168847,3.7755124877066115,0,True,False,False,True,False,False,False,False,False,True,True,False,False
0.5334001753570476,1.2867273551269494,1.6627728590509445,1.0350227474977665,-0.4150521166231547,1,False,False,True,True,False,False,True,False,False,False,False,False,True
1.5588410763959093,-0.3419450141936735,-0.8300171505061386,-0.3976381726294526,-0.3167377701299369,0,True,False,False,False,False,True,False,True,False,False,False,True,False
0.44794676693714247,-0.4786930168628256,-1.8130892669511853,-0.591884304446015,-0.3387468037959807,0,True,False,False,True,False,False,False,False,False,True,False,True,False
-0.2356805004220986,1.4650146264252475,-1.824792506432674,-0.6221929582462477,-0.8667023139142264,0,True,False,False,True,False,False,False,False,False,True,False,False,True
1.387934259556099,1.1073575710663957,0.5743715872724998,0.1603832978744466,-0.6043576782746128,1,False,False,True,False,False,True,False,False,True,False,False,False,True
-1.688388443560486,1.5777659270247708,1.0425011665320458,1.1054919902881868,-0.4679686655604181,1,False,False,True,False,True,False,False,False,True,False,False,False,True
0.9606672174565734,1.0753564060139134,1.510630745791592,-0.8851280971589304,-0.8851155550328752,1,False,False,True,False,False,True,True,False,False,False,False,False,True
-1.688388443560486,0.6065820059564087,-0.5608426424318995,1.6791646573936458,0.01118981332137076,0,True,False,False,False,True,False,False,True,False,False,False,True,False
-0.4065873172619089,-1.5673273412509672,0.8435460953467389,0.9664494463147909,3.569362349286471,0,False,False,True,True,False,False,False,False,True,False,True,False,False
-1.688388443560486,1.1382275209541617,-0.7012815162097633,-1.369381295300064,-1.0240792554380451,1,True,False,False,False,True,False,False,True,False,False,False,False,True
-1.6029350351405807,0.8954697167734618,-0.6427653188023201,-0.9574626726754573,-0.8808956846134118,0,True,False,False,False,True,False,False,True,False,False,False,False,True
0.7043069921968579,1.550662554971905,1.510630745791592,0.5603242961880607,-0.5928410469593629,1,False,False,True,True,False,False,True,False,False,False,False,False,True
-0.4065873172619089,0.07196486827467159,-0.7949074320616726,1.1418604066177984,0.11127840797926834,0,False,True,False,True,False,False,False,True,False,False,False,True,False
-1.688388443560486,-1.509616740636755,-0.010790386801932835,1.4216292724838926,3.7549592478496066,0,False,True,False,False,True,False,False,True,False,False,True,False,False
0.020679724837616813,-0.5275450191331074,0.09453876853146503,0.26157821333780323,0.1499124507582986,1,False,True,False,True,False,False,False,True,False,False,False,True,False
1.5588410763959093,-1.0620994840021165,-0.43210700813552433,-0.5100853615136438,0.22917577757666047,0,False,True,False,False,False,True,False,True,False,False,True,False,False
-0.15022709200219345,-1.4826596698247465,-0.8183139110246499,0.36746728658202915,2.239853179310156,1,False,True,False,True,False,False,False,True,False,False,True,False,False
-1.0047611762012447,0.2584562630025627,-2.0120443381364925,-0.9414349072358705,-0.761187427175812,0,True,False,False,False,True,False,False,False,False,True,False,True,False
0.27703995009733223,1.4499027172188006,-1.0640819401359116,0.22242728326325525,-0.6562165688094903,1,True,False,False,True,False,False,False,False,False,True,False,False,True
-1.4320282183007704,0.7746460414745073,-0.8885333479135817,-1.0019908523508156,-0.8765455400733178,0,True,False,False,False,True,False,False,False,False,True,False,False,True
-0.7484009509415294,1.1484076813027029,0.46904243193910194,-0.029008974503766605,-0.6641221807281328,1,False,True,False,True,False,False,False,False,True,False,False,False,True
0.19158654167742709,-1.1100112000480047,-0.3150746133206378,1.7381900860802462,2.1564445977372255,0,True,False,False,True,False,False,False,True,False,False,True,False,False
0.44794676693714247,-1.154431283694396,-0.18633897902426264,-1.107589177403037,-0.14910854032869347,0,False,True,False,True,False,False,False,True,False,False,True,False,False
-1.3465748098808654,-0.19875393592253796,0.12964848697593098,0.8777806547381847,0.18595800024774056,1,True,False,False,False,True,False,False,True,False,False,False,True,False
-1.6029350351405807,-0.9391427987021802,-1.1577078559878209,-0.9681131161528118,-0.24933514717048127,1,True,False,False,False,True,False,False,False,False,True,True,False,False
-0.06477368358228833,-1.0423049649208678,-2.03545081709947,-1.5339016445674134,-0.5944351525416502,0,True,False,False,True,False,False,False,False,False,True,True,False,False
-1.5174816267206757,0.9302985316707824,-0.748094474135718,-1.3062681699070569,-0.9862324293449439,0,False,True,False,False,True,False,False,True,False,False,False,False,True
-0.6629475425216242,0.09246799761004433,0.7148104610503636,0.24572158266030983,-0.253901069840843,1,False,False,True,True,False,False,False,False,True,False,False,True,False
0.6188535837769528,0.04151344859450294,-0.8885333479135817,-1.2317846048917362,-0.8238500289591812,0,True,False,False,True,False,False,False,False,False,True,False,True,False
0.7043069921968579,0.2753408620451754,1.6861793380139218,-0.5204276900578088,-0.6116823619166208,1,False,False,True,True,False,False,True,False,False,False,False,True,False
-1.2611214014609602,1.6786831259268606,-1.3917726456175938,0.17872829311805635,-0.7055380897548698,0,True,False,False,False,True,False,False,False,False,True,False,False,True
-1.5174816267206757,0.3977891796381553,0.2700873607537948,1.8610120214254808,0.18129535490302431,1,False,True,False,False,True,False,False,True,False,False,False,True,False
-1.09021458462115,-0.513687148281645,-0.6895782767282747,1.358466000625714,0.7241677488279836,1,False,True,False,False,True,False,False,True,False,False,False,True,False
0.9606672174565734,-1.3740057741365972,1.171236800828421,-0.48185196092359056,0.8449186731383933,0,False,False,True,False,False,True,False,False,True,False,True,False,False
0.789760400616763,-1.35006631194237,-1.895011943321606,-1.052461713775398,0.17885383518437328,0,True,False,False,False,False,True,False,False,False,True,True,False,False
-0.9193077677813397,0.6005551321603113,0.9839849691246026,-1.3332662163074875,-0.9555979265522669,1,False,False,True,True,False,False,False,False,True,False,False,True,False
-0.7484009509415294,0.5938378872568281,0.28179060023528346,-1.5301009332590878,-1.0182314972704742,1,False,True,False,True,False,False,False,True,False,False,False,True,False
-0.3211339088420037,0.20570224753117614,0.14135172645741964,0.9105166724261216,-0.054982848206226106,1,False,True,False,True,False,False,False,True,False,False,False,True,False
1.2170274427162886,0.7468437608413144,-0.6310620793208315,-0.6636779783360524,-0.7688677977720707,1,True,False,False,False,False,True,False,True,False,False,False,False,True
0.020679724837616813,-1.4548082987221413,-0.4672167265799903,-0.9926307577435026,0.46186684061798544,0,False,True,False,True,False,False,False,True,False,False,True,False,False
0.9606672174565734,0.5848655852959982,-0.47891996606147896,-1.6968204184904028,-1.0712251552216037,1,True,False,False,False,False,True,False,True,False,False,False,True,False
1.387934259556099,-0.4615693685778578,-1.3215532087286619,0.7711219454137792,0.3583337547020495,1,True,False,False,False,False,True,False,False,False,True,False,True,False
0.789760400616763,-0.08368490545294036,1.346785393050751,-1.0058310729953368,-0.6982431376276175,1,False,False,True,False,False,True,False,False,True,False,False,True,False
-1.688388443560486,1.4755382260261984,1.9085408881622061,-1.5137544881187575,-1.0866668448092809,1,False,False,True,False,True,False,True,False,False,False,False,False,True
1.5588410763959093,1.5041628205304147,0.14135172645741964,0.34151464563951056,-0.6369611286495873,1,False,True,False,False,False,True,False,True,False,False,False,False,True
-1.09021458462115,0.3342703809552275,1.7212890564583878,-0.6005215808129263,-0.65664691455963,1,False,False,True,False,True,False,True,False,False,False,False,True,False
-0.4065873172619089,1.100259438449647,-0.2682616553946832,-0.5308677065211391,-0.7916327809623822,1,False,True,False,True,False,False,False,True,False,False,False,False,True
0.44794676693714247,-1.475047542530239,-0.32677785280212646,0.31405153238243133,2.1360756303777326,0,False,True,False,True,False,False,False,True,False,False,True,False,False
0.7043069921968579,-1.5318485142092557,-0.6076556003578542,1.545978685077765,4.091506469433868,0,False,True,False,True,False,False,False,True,False,False,True,False,False
0.5334001753570476,-0.681392415902735,-0.08100982369086475,1.3190338017053918,0.9265032938639376,1,False,True,False,True,False,False,False,True,False,False,True,False,False
-0.06477368358228833,-1.1772121720038,-0.677875037246786,-0.1912930663978679,0.6844622957491604,0,False,True,False,True,False,False,False,True,False,False,True,False,False
-0.7484009509415294,0.7883211327916364,1.0425011665320458,0.8027270988048897,-0.3341642280032226,1,False,False,True,True,False,False,False,False,True,False,False,False,True
1.2170274427162886,0.5043337374093869,-0.5023264450244562,-0.8985853678188802,-0.7977298706669006,0,True,False,False,False,False,True,False,True,False,False,False,True,False
0.5334001753570476,-1.315020373585475,0.31690031867974944,0.35481380659325584,1.5527440677338467,1,False,True,False,True,False,False,False,False,True,False,True,False,False
1.2170274427162886,0.06288274336646105,1.6510696195694559,1.8432708098837345,0.396435824235856,0,False,False,True,False,False,True,True,False,False,False,False,True,False
1.6442944848158143,-0.690504033899288,1.6510696195694559,1.142897707596491,0.8348835016319325,0,False,False,True,False,False,True,True,False,False,False,True,False,False
1.2170274427162886,1.210424078781446,2.0138700434956043,1.04720703602886,-0.39158028971945175,1,False,False,True,False,False,True,True,False,False,False,False,False,True
0.19158654167742709,1.351347293785823,-0.22144869746872858,-0.6105439271507587,-0.8492296549820009,0,False,True,False,True,False,False,False,True,False,False,False,False,True
-1.5174816267206757,-1.5621780808665355,0.3520100371242154,0.27553166626569137,2.553650194379531,0,False,False,True,False,True,False,False,False,True,False,True,False,False
0.5334001753570476,-1.2278696557676811,-1.68435363265481,0.1500390155718983,1.105377036923338,0,True,False,False,True,False,False,False,False,False,True,True,False,False
-0.15022709200219345,-0.36260977341450223,-0.4672167265799903,0.9507686538917951,0.3560717924521841,0,True,False,False,True,False,False,False,True,False,False,False,True,False
-0.8338543593614345,-0.6424332104031311,0.9254687717171594,1.2055742041715396,0.8046513996386482,0,False,False,True,True,False,False,False,False,True,False,False,True,False
0.44794676693714247,0.550678827170555,0.09453876853146503,-1.004660627000893,-0.841295872007217,1,True,False,False,True,False,False,False,True,False,False,False,True,False
-0.5774941341017191,-0.8942089144115061,-0.43210700813552433,0.5128263314086549,0.7360997842994675,1,True,False,False,True,False,False,False,True,False,False,True,False,False
-1.3465748098808654,0.726007476027757,0.48074567142059055,-1.0577954018004028,-0.8863629680856983,1,False,False,True,False,True,False,False,False,True,False,False,False,True
-1.5174816267206757,-0.25018871779102486,-0.5959523608763655,-0.47101692345972435,-0.3978809692895711,1,False,True,False,False,True,False,False,True,False,False,False,True,False
-0.06477368358228833,-1.0728966708041394,-0.17463573954277398,-0.013744115532150247,0.6409442773554294,1,True,False,False,True,False,False,False,True,False,False,True,False,False
0.9606672174565734,-0.5383482209728843,-0.23315193695021724,1.8109450090948702,0.9999651400628982,0,True,False,False,False,False,True,False,True,False,False,False,True,False
0.9606672174565734,-1.223175597917799,0.31690031867974944,1.041325210235205,1.9161248912719424,0,False,True,False,False,False,True,False,False,True,False,True,False,False
0.9606672174565734,0.3420963331402181,1.5691469431990352,1.0487752527578604,-0.07383649729307717,1,False,False,True,False,False,True,True,False,False,False,False,True,False
0.020679724837616813,0.9364639453686991,-0.47891996606147896,0.805302079992666,-0.3799961712834047,0,True,False,False,True,False,False,False,True,False,False,False,False,True
-1.3465748098808654,-0.5035861535912862,0.6797007426058976,-1.506827329228612,-0.8105120684773546,1,False,False,True,False,True,False,False,False,True,False,False,True,False
1.387934259556099,0.2366245864574453,-0.7832041925801839,-0.9316433214715331,-0.7525563315516323,0,False,True,False,False,False,True,False,True,False,False,False,True,False
0.020679724837616813,1.3659019388493774,-1.087488419098889,1.0163135572192241,-0.43987894277613854,0,True,False,False,True,False,False,False,False,False,True,False,False,True
-0.2356805004220986,1.0040871341681348,-1.5673212378399237,-0.8968801709187834,-0.8787438554934361,0,True,False,False,True,False,False,False,False,False,True,False,False,True
1.1315740342963836,-1.6044882444955817,-1.85990222487714,0.6244065581006092,3.356751684328333,0,True,False,False,False,False,True,False,False,False,True,True,False,False
0.7043069921968579,1.4709316772739642,1.3350821535692623,0.3452903922573827,-0.6298488136199581,1,False,False,True,True,False,False,False,False,True,False,False,False,True
-1.4320282183007704,0.5599487764834732,-0.9704560242840023,-0.9452301914375757,-0.8234932992306101,0,True,False,False,False,True,False,False,False,False,True,False,True,False
0.9606672174565734,0.6231734204168796,1.276565956161819,-0.9723191961449625,-0.8432668944726674,1,False,False,True,False,False,True,False,False,True,False,False,False,True
-1.1756679930410552,0.440193643536507,1.3935983509767056,1.5178274147012323,0.0400062231807096,1,False,False,True,False,True,False,False,False,True,False,False,True,False
0.020679724837616813,0.9648246543456402,-0.7949074320616726,1.8288530137134138,-0.09687560960631893,0,True,False,False,True,False,False,False,True,False,False,False,False,True
-0.5774941341017191,0.6360357055033062,1.6861793380139218,0.09794993567598712,-0.505237273544605,1,False,False,True,True,False,False,True,False,False,False,False,False,True
1.3024808511361938,-1.5804694226096958,0.4924489109020792,0.10957588347798444,2.426574397352515,0,False,True,False,False,False,True,False,False,True,False,True,False,False
-0.3211339088420037,0.734357124564303,-0.7832041925801839,-0.22219812303496025,-0.630895747161126,0,True,False,False,True,False,False,False,True,False,False,False,False,True
-0.8338543593614345,-1.3477245219212792,-0.2916681343576605,-0.3650919589503828,0.9016449983198989,0,False,True,False,True,False,False,False,True,False,False,True,False,False
1.387934259556099,-1.3773842850196225,0.6094813057169658,0.9790915655603724,2.454480930082201,0,False,False,True,False,False,True,False,False,True,False,True,False,False
0.19158654167742709,-0.9129042338515684,1.4521145483841487,1.0749669758373583,1.1596404127705118,0,False,False,True,True,False,False,False,False,True,False,True,False,False
1.387934259556099,0.9650763157639314,1.0425011665320458,-1.080833614126401,-0.92569520075963,1,False,False,True,False,False,True,False,False,True,False,False,False,True
0.020679724837616813,1.5027388088505087,0.3520100371242154,0.668973595859369,-0.5569751251850688,1,False,True,False,True,False,False,False,False,True,False,False,False,True
0.5334001753570476,0.42770079818826556,-1.4385856035435485,0.07270969292915935,-0.4492838428064821,1,True,False,False,True,False,False,False,False,False,True,False,True,False
1.5588410763959093,0.6418295450948025,-0.8534236294691159,-0.25143199264010957,-0.6177259252706294,0,False,True,False,False,False,True,False,True,False,False,False,False,True
-0.3211339088420037,1.6132804562260548,-0.45551348709850165,-0.4399877669845812,-0.8412619773945663,0,False,True,False,True,False,False,False,True,False,False,False,False,True
1.473387667976004,-0.3066239363678993,0.04772581060551043,0.5408412728668858,0.11134640810565838,0,False,True,False,False,False,True,False,True,False,False,False,True,False
0.8752138090366681,-0.43251906462743445,-0.8417203899876272,-0.5274295982964711,-0.331512804669399,0,True,False,False,False,False,True,False,True,False,False,False,True,False
1.473387667976004,1.560741041779055,0.6914039820873863,0.7901573409809122,-0.5396980748024702,1,False,False,True,False,False,True,False,False,True,False,False,False,True
-0.2356805004220986,1.5089734924993352,-0.6076556003578542,-1.3990326903078678,-1.0608891350169127,1,True,False,False,True,False,False,False,True,False,False,False,False,True
1.0461206258764784,-0.10767132374834461,-0.6895782767282747,-0.5837924884751542,-0.509287752533995,0,True,False,False,False,False,True,False,True,False,False,False,True,False
0.19158654167742709,-0.4075498667764063,-0.18633897902426264,-0.8519485763179829,-0.5084837612938979,1,True,False,False,True,False,False,False,True,False,False,False,True,False
-1.1756679930410552,0.760352759503041,-0.18633897902426264,0.431030427655991,-0.43803406946526324,0,True,False,False,False,True,False,False,True,False,False,False,False,True
0.020679724837616813,1.0388837395084496,-0.3150746133206378,-0.9400959314905112,-0.8955148278345767,0,False,True,False,True,False,False,False,True,False,False,False,False,True
-0.4065873172619089,-1.2682193051558537,0.024319331642533124,-1.5057955277179613,-0.39131064262162374,1,False,True,False,True,False,False,False,True,False,False,True,False,False
-1.6029350351405807,-0.5940686202244047,0.6445910241614317,0.12234166839308706,0.13265103566654013,1,False,False,True,False,True,False,False,False,True,False,False,True,False
-1.4320282183007704,1.458941766695353,-0.443810247617013,-0.04649590800999681,-0.72411265276176,0,True,False,False,False,True,False,False,True,False,False,False,False,True
1.3024808511361938,-1.2497878712430666,-0.045900105246398794,-0.9766576251772269,0.09258812669993147,0,False,True,False,False,False,True,False,True,False,False,True,False,False
0.44794676693714247,-0.05064061643381775,-1.9535281407290492,1.4882626363150881,0.3382085617573793,0,True,False,False,True,False,False,False,False,False,True,False,True,False
-1.0047611762012447,-0.7269928051832547,-0.03419686576491014,-0.5073196356185196,-0.12157331906784742,0,False,True,False,False,True,False,False,True,False,False,True,False,False
-0.492040725681814,0.7055538252287482,1.510630745791592,-1.2510753639157095,-0.9432744813137147,1,False,False,True,True,False,False,True,False,False,False,False,False,True
